,CP,CP_CI_HP,Date,HP,LP,emaCP5,emaCP_CI_HP5,emaCP20,emaCP_CI_HP20,minHP3,avCP_CI_HP50,avCP_CI_HP10
0,8356.55,9131.7,,8356.55,8356.55,8549.127936356157,8932.826084504304,8919.148083265783,9048.504988567589,8356.55,10505.747000000001,8670.545000000002
1,8793.35,9131.7,,9131.7,8793.35,8645.416904534235,8833.389126756456,8978.368934135866,9039.747618943124,9131.7,10564.229000000003,8589.160000000002
2,8793.35,9131.7,,9131.7,8653.9,8571.450356801352,8684.233690134684,8997.844611413326,9030.068420937136,8819.4,10623.975000000004,8456.095000000003
3,8792.2,8792.2,2020-04-07,8819.4,8360.95,8460.500535202027,8460.500535202027,9019.37035998315,9019.37035998315,8356.55,10686.306000000006,8303.950000000003
4,8083.8,8083.8,2020-04-03,8356.55,8055.8,8294.65080280304,8294.65080280304,9043.28302945506,9043.28302945506,8356.55,10754.069000000003,8299.275000000005
5,8253.8,8253.8,2020-04-01,8588.1,8198.35,8400.07620420456,8400.07620420456,9144.281243081909,9144.281243081909,8576.0,10834.531000000003,8317.240000000003
6,8597.75,8597.75,2020-03-31,8678.3,8358.0,8473.214306306842,8473.214306306842,9238.01611077474,9238.01611077474,8576.0,10912.852000000003,8338.740000000003
7,8281.1,8281.1,2020-03-30,8576.0,8244.0,8410.946459460261,8410.946459460261,9305.41254348787,9305.41254348787,8576.0,10985.388000000003,8375.670000000004
8,8660.25,8660.25,2020-03-27,9038.9,8522.9,8475.869689190393,8475.869689190393,9413.234916486594,9413.234916486594,8376.75,11066.813000000002,8467.300000000003
9,8641.45,8641.45,2020-03-26,8749.05,8304.9,8383.679533785587,8383.679533785587,9492.496486643078,9492.496486643078,8036.95,11140.718000000003,8596.795000000002
10,8317.85,8317.85,2020-03-25,8376.75,7714.75,8254.794300678379,8254.794300678379,9582.08032734235,9582.08032734235,8036.95,11214.755000000005,8691.665000000003
11,7801.05,7801.05,2020-03-24,8036.95,7511.1,8223.266451017567,8223.266451017567,9715.157203904702,9715.157203904702,8036.95,11295.644000000006,8905.720000000001
12,7610.25,7610.25,2020-03-23,8159.25,7583.6,8434.374676526351,8434.374676526351,9916.642172736776,9916.642172736776,8159.25,11386.214000000005,9170.76
13,8745.45,8745.45,2020-03-20,8883.0,8178.2,8846.437014789526,8846.437014789526,10159.420296182752,10159.420296182752,8575.45,11479.145000000008,9507.665
14,8263.45,8263.45,2020-03-19,8575.45,7832.55,8896.930522184288,8896.930522184288,10308.259274728305,10308.259274728305,8575.45,11548.55400000001,9760.02
15,8468.8,8468.8,2020-03-18,9127.55,8407.05,9213.670783276431,9213.670783276431,10523.502356278654,10523.502356278654,9127.55,11623.792000000009,10059.095000000001
16,8967.05,8967.05,2020-03-17,9403.8,8915.6,9586.106174914647,9586.106174914647,10739.786814834302,10739.786814834302,9403.8,11695.475000000008,10342.545000000002
17,9197.4,9197.4,2020-03-16,9602.2,9165.1,9895.634262371968,9895.634262371968,10926.390690080018,10926.390690080018,9602.2,11755.995000000006,10559.115000000002
18,9955.2,9955.2,2020-03-13,10159.4,8555.15,10244.751393557952,10244.751393557952,11108.389710088439,11108.389710088439,10040.75,11816.580000000007,10759.550000000001
19,9590.15,9590.15,2020-03-12,10040.75,9508.0,10389.527090336927,10389.527090336927,11229.778100624064,11229.778100624064,10040.75,11863.120000000006,10927.360000000002
20,10458.4,10458.4,2020-03-11,10545.1,10334.0,10789.215635505388,10789.215635505388,11402.370532268702,11402.370532268702,10545.1,11914.967000000006,11136.195000000003
21,10451.45,10451.45,2020-03-09,10751.55,10294.45,10954.62345325808,10954.62345325808,11501.735851454881,11501.735851454881,10751.55,11949.168000000005,11270.145000000002
22,10979.3,10979.3,2020-03-06,11034.5,10827.4,11206.210179887119,11206.210179887119,11612.292256871186,11612.292256871186,11034.5,11985.256000000005,11407.940000000002
23,11269.0,11269.0,2020-03-05,11389.5,11244.6,11319.665269830679,11319.665269830679,11678.923020752363,11678.923020752363,11342.25,12010.586000000005,11518.095000000003
24,11254.2,11254.2,2020-03-04,11356.6,11082.15,11344.997904746017,11344.997904746017,11722.072812410506,11722.072812410506,11342.25,12027.737000000006,11603.785000000002
25,11303.3,11303.3,2020-03-03,11342.25,11152.55,11390.396857119023,11390.396857119023,11771.322582137927,11771.322582137927,11342.25,12046.944000000009,11677.615000000002
26,11132.75,11132.75,2020-03-02,11433.0,11036.25,11433.945285678534,11433.945285678534,11820.588117099815,11820.588117099815,11384.8,12066.133000000007,11751.865000000002
27,11201.75,11201.75,2020-02-28,11384.8,11175.05,11584.5429285178,11584.5429285178,11892.992129426111,11892.992129426111,11384.8,12088.914000000008,11849.935000000001
28,11633.3,11633.3,2020-02-27,11663.85,11536.7,11775.939392776698,11775.939392776698,11965.754458839385,11965.754458839385,11663.85,12110.073000000008,11947.225000000002
29,11678.5,11678.5,2020-02-26,11783.25,11639.6,11847.259089165047,11847.259089165047,12000.749665033005,12000.749665033005,11783.25,12121.840000000007,12004.015000000003
30,11797.9,11797.9,2020-02-25,11883.05,11779.9,11931.638633747569,11931.638633747569,12034.6706824049,12034.6706824049,11883.05,12131.570000000007,12046.955000000002
31,11829.4,11829.4,2020-02-24,12012.55,11813.4,11998.507950621351,11998.507950621351,12059.593912131731,12059.593912131731,12012.55,12136.691000000006,12070.315000000002
32,12080.85,12080.85,2020-02-20,12152.0,12071.45,12083.061925932026,12083.061925932026,12083.824850250861,12083.824850250861,12030.75,12141.837000000005,12097.210000000003
33,12125.9,12125.9,2020-02-19,12134.7,12042.1,12084.167888898039,12084.167888898039,12084.13799238253,12084.13799238253,12030.75,12139.656000000006,12102.920000000002
34,11992.5,11992.5,2020-02-18,12030.75,11908.05,12063.301833347057,12063.301833347057,12079.74199158069,12079.74199158069,12030.75,12135.341000000006,12099.245
35,12045.8,12045.8,2020-02-17,12159.6,12037.0,12098.702750020584,12098.702750020584,12088.9253591155,12088.9253591155,12159.6,12132.627000000006,12097.960000000001
36,12113.45,12113.45,2020-02-14,12246.7,12091.2,12125.154125030876,12125.154125030876,12093.464870601341,12093.464870601341,12225.65,12130.461000000005,12064.170000000002
37,12174.65,12174.65,2020-02-13,12225.65,12139.8,12131.006187546314,12131.006187546314,12091.361172769904,12091.361172769904,12172.3,12126.622000000007,12019.01
38,12201.2,12201.2,2020-02-12,12231.75,12144.3,12109.18428131947,12109.18428131947,12082.593927798314,12082.593927798314,12103.55,12123.497000000007,11997.755000000001
39,12107.9,12107.9,2020-02-11,12172.3,12099.0,12063.176421979206,12063.176421979206,12070.109078092873,12070.109078092873,12103.55,12120.337000000007,11981.215
40,12031.5,12031.5,2020-02-10,12103.55,11990.75,12040.814632968806,12040.814632968806,12066.131086313177,12066.131086313177,12103.55,12118.063000000006,11983.374999999998
41,12098.35,12098.35,2020-02-07,12154.7,12073.95,12045.47194945321,12045.47194945321,12069.776463819826,12069.776463819826,12098.15,12118.397000000004,11985.804999999998
42,12137.95,12137.95,2020-02-06,12160.6,12084.65,12019.032924179812,12019.032924179812,12066.768723169282,12066.768723169282,11986.15,12117.551000000005,11987.869999999999
43,12089.15,12089.15,2020-02-05,12098.15,11953.35,11959.574386269716,11959.574386269716,12059.275957187101,12059.275957187101,11749.85,12117.815000000008,11998.899999999998
44,11979.65,11979.65,2020-02-04,11986.15,11783.4,11894.786579404576,11894.786579404576,12056.131321101533,12056.131321101533,11749.85,12118.046000000006,12008.019999999999
45,11707.9,11707.9,2020-02-03,11749.85,11614.5,11852.354869106864,11852.354869106864,12064.181986480642,12064.181986480642,11749.85,12119.207000000004,12020.744999999999
46,11661.85,11661.85,2020-02-01,12017.35,11633.3,11924.582303660296,11924.582303660296,12101.685353478604,12101.685353478604,12017.35,12126.524000000003,12066.939999999999
47,11962.1,11962.1,2020-01-31,12103.55,11945.85,12055.948455490443,12055.948455490443,12147.98381173951,12147.98381173951,12103.55,12131.575000000004,12123.209999999997
48,12035.8,12035.8,2020-01-30,12150.3,12010.6,12102.872683235662,12102.872683235662,12167.550528764721,12167.550528764721,12150.3,12131.701000000006,12162.234999999997
49,12129.5,12129.5,2020-01-29,12169.6,12103.8,12136.409024853492,12136.409024853492,12181.419005476797,12181.419005476797,12163.55,12130.967000000004,12194.204999999998
50,12055.8,12055.8,2020-01-28,12163.55,12024.5,12139.863537280238,12139.863537280238,12186.884163948038,12186.884163948038,12163.55,12127.179000000004,12215.584999999995
51,12119.0,12119.0,2020-01-27,12216.6,12107.0,12181.895305920356,12181.895305920356,12200.6824969952,12200.6824969952,12189.0,12123.753000000002,12246.234999999997
52,12248.25,12248.25,2020-01-24,12272.15,12149.65,12213.342958880534,12213.342958880534,12209.28065457364,12209.28065457364,12189.0,12119.282000000001,12267.289999999997
53,12180.35,12180.35,2020-01-23,12189.0,12094.1,12195.889438320799,12195.889438320799,12205.17861821297,12205.17861821297,12189.0,12111.759000000002,12268.144999999999
54,12106.9,12106.9,2020-01-22,12225.05,12087.9,12203.659157481197,12203.659157481197,12207.792156972231,12207.792156972231,12225.05,12104.961000000001,12271.699999999997
55,12169.85,12169.85,2020-01-21,12230.05,12162.3,12252.038736221795,12252.038736221795,12218.41238402194,12218.41238402194,12230.05,12101.091999999999,12263.544999999996
56,12224.55,12224.55,2020-01-20,12430.5,12216.9,12293.13310433269,12293.13310433269,12223.524213918987,12223.524213918987,12385.45,12095.858,12251.854999999998
57,12352.35,12352.35,2020-01-17,12385.45,12321.4,12327.424656499032,12327.424656499032,12223.416236436775,12223.416236436775,12355.15,12091.608,12228.704999999998
58,12355.5,12355.5,2020-01-16,12389.05,12315.8,12314.961984748546,12314.961984748546,12209.844261324857,12209.844261324857,12355.15,12083.882000000001,12216.134999999998
59,12343.3,12343.3,2020-01-15,12355.15,12278.75,12294.692977122817,12294.692977122817,12194.51207830642,12194.51207830642,12337.75,12075.116000000002,12208.804999999998
60,12362.3,12362.3,2020-01-14,12374.25,12308.7,12270.389465684224,12270.389465684224,12178.850191812358,12178.850191812358,12311.2,12067.076000000001,12192.724999999999
61,12329.55,12329.55,2020-01-13,12337.75,12285.8,12224.434198526335,12224.434198526335,12159.539685687343,12159.539685687343,12224.05,12057.642,12173.34
62,12256.8,12256.8,2020-01-10,12311.2,12213.2,12171.876297789502,12171.876297789502,12141.643863128116,12141.643863128116,12044.95,12048.599999999999,12165.97
63,12215.9,12215.9,2020-01-09,12224.05,12132.55,12129.414446684252,12129.414446684252,12129.522164510025,12129.522164510025,12044.95,12040.336999999998,12164.869999999999
64,12025.35,12025.35,2020-01-08,12044.95,11929.6,12086.171670026379,12086.171670026379,12120.429760774237,12120.429760774237,12044.95,12031.755999999996,12155.935
65,12052.95,12052.95,2020-01-07,12152.15,12005.35,12116.582505039567,12116.582505039567,12130.43815664521,12130.43815664521,12152.15,12023.791999999998,12174.855
66,11993.05,11993.05,2020-01-06,12179.1,11974.2,12148.39875755935,12148.39875755935,12138.594804713128,12138.594804713128,12179.1,12014.410999999998,12195.835
67,12226.65,12226.65,2020-01-03,12265.6,12191.35,12226.073136339024,12226.073136339024,12153.915310472406,12153.915310472406,12222.2,12006.201999999997,12223.71
68,12282.2,12282.2,2020-01-02,12289.9,12195.25,12225.784704508536,12225.784704508536,12146.25902736424,12146.25902736424,12222.2,11993.750999999997,12227.015
69,12182.5,12182.5,2020-01-01,12222.2,12165.3,12197.577056762804,12197.577056762804,12131.949451297318,12131.949451297318,12222.2,11979.873999999996,12220.959999999997
70,12168.45,12168.45,2019-12-31,12247.1,12151.8,12205.115585144205,12205.115585144205,12126.628340907562,12126.628340907562,12247.1,11969.460999999996,12219.21
71,12255.85,12255.85,2019-12-30,12286.45,12213.8,12223.448377716308,12223.448377716308,12122.226061003095,12122.226061003095,12221.55,11957.818999999996,12207.759999999998
72,12245.8,12245.8,2019-12-27,12258.45,12157.9,12207.24756657446,12207.24756657446,12108.160383213946,12108.160383213946,12221.55,11941.981999999996,12190.845
73,12126.55,12126.55,2019-12-26,12221.55,12118.85,12187.97134986169,12187.97134986169,12093.672002499625,12093.672002499625,12221.55,11925.631999999998,12163.445000000002
74,12214.55,12214.55,2019-12-24,12283.7,12202.1,12218.682024792533,12218.682024792533,12090.21116065748,12090.21116065748,12283.7,11909.923999999997,12141.805
75,12262.75,12262.75,2019-12-23,12287.15,12213.25,12220.7480371888,12220.7480371888,12077.12286177932,12077.12286177932,12268.35,11891.733999999997,12106.030000000002
76,12271.8,12271.8,2019-12-20,12293.9,12252.75,12199.747055783198,12199.747055783198,12057.583163019248,12057.583163019248,12237.7,11871.169999999998,12073.505000000001
77,12259.7,12259.7,2019-12-19,12268.35,12191.15,12163.720583674796,12163.720583674796,12035.034022284432,12035.034022284432,12182.75,11851.999999999998,12038.475000000002
78,12221.65,12221.65,2019-12-18,12237.7,12163.45,12115.730875512194,12115.730875512194,12011.384971998581,12011.384971998581,12134.65,11829.333999999999,12014.345000000003
79,12165.0,12165.0,2019-12-17,12182.75,12070.35,12062.77131326829,12062.77131326829,11989.251811156326,11989.251811156326,12098.85,11808.395999999999,11996.500000000002
80,12053.95,12053.95,2019-12-16,12134.65,12046.3,12011.656969902433,12011.656969902433,11970.752001804361,11970.752001804361,12005.5,11791.375999999998,11979.420000000002
81,12086.7,12086.7,2019-12-13,12098.85,12023.6,11990.510454853647,11990.510454853647,11961.994317783769,11961.994317783769,11923.2,11777.495,11978.845000000003
82,11971.8,11971.8,2019-12-12,12005.5,11934.0,11942.415682280469,11942.415682280469,11948.86740386627,11948.86740386627,11923.2,11765.25,11975.780000000002
83,11910.15,11910.15,2019-12-11,11923.2,11832.3,11927.723523420702,11927.723523420702,11946.45344637851,11946.45344637851,11923.2,11756.062,11993.715
84,11856.8,11856.8,2019-12-10,11953.2,11844.7,11936.510285131053,11936.510285131053,11950.274861786775,11950.274861786775,11953.2,11749.282999999998,12012.77
85,11937.5,11937.5,2019-12-09,11981.95,11888.05,11976.365427696579,11976.365427696579,11960.114320922225,11960.114320922225,11981.95,11740.950999999995,12030.86
86,11921.5,11921.5,2019-12-06,12057.05,11888.85,11995.798141544867,11995.798141544867,11962.494775756144,11962.494775756144,12054.7,11733.964999999995,12044.485
87,12018.4,12018.4,2019-12-05,12081.2,11998.75,12032.9472123173,12032.9472123173,11966.810015309422,11966.810015309422,12054.7,11727.538999999995,12043.775
88,12043.2,12043.2,2019-12-04,12054.7,11935.3,12040.220818475947,12040.220818475947,11961.37949060515,11961.37949060515,12054.7,11712.653999999995,12038.775
89,11994.2,11994.2,2019-12-03,12067.65,12067.65,12038.73122771392,12038.73122771392,11952.766805405692,11952.766805405692,12067.65,11685.885999999997,12034.365
90,12048.2,12048.2,2019-12-02,12137.15,12023.7,12060.996841570879,12060.996841570879,11948.405416501028,11948.405416501028,12137.15,11662.814999999997,12028.954999999998
91,12056.05,12056.05,2019-11-29,12147.4,12017.4,12067.395262356318,12067.395262356318,11937.900723501134,11937.900723501134,12114.9,11638.202999999998,12012.585
92,12151.15,12151.15,2019-11-28,12158.8,12099.95,12073.067893534477,12073.067893534477,11925.463957553886,11925.463957553886,12114.9,11617.151999999996,11996.525
93,12100.7,12100.7,2019-11-27,12114.9,12055.15,12034.026840301714,12034.026840301714,11901.707532033242,11901.707532033242,12084.5,11595.646999999997,11968.619999999999
94,12037.7,12037.7,2019-11-26,12132.45,12006.35,12000.69026045257,12000.69026045257,11880.760956457792,11880.760956457792,11968.1,11573.288999999999,11942.595
95,12073.75,12073.75,2019-11-25,12084.5,11919.75,11982.185390678853,11982.185390678853,11864.241057137559,11864.241057137559,11968.1,11553.249,11930.169999999998
96,11914.4,11914.4,2019-11-22,11968.1,11883.5,11936.40308601828,11936.40308601828,11842.187484204669,11842.187484204669,11968.1,11531.835,11913.609999999999
97,11968.4,11968.4,2019-11-21,12028.2,11956.9,11947.404629027416,11947.404629027416,11834.586166752528,11834.586166752528,11958.85,11512.470999999998,11923.374999999998
98,11999.1,11999.1,2019-11-20,12038.6,11966.05,11936.906943541126,11936.906943541126,11820.500500094899,11820.500500094899,11946.2,11490.060999999998,11923.139999999998
99,11940.1,11940.1,2019-11-19,11958.85,11881.75,11905.81041531169,11905.81041531169,11801.700552736467,11801.700552736467,11946.2,11466.972,11914.949999999999
100,11884.5,11884.5,2019-11-18,11946.2,11867.6,11888.665622967534,11888.665622967534,11787.132189866621,11787.132189866621,11895.65,11444.128,11915.07
101,11895.45,11895.45,2019-11-15,11973.65,11879.25,11890.7484344513,11890.7484344513,11776.882946694686,11776.882946694686,11895.65,11426.903,11915.68
102,11872.1,11872.1,2019-11-14,11895.65,11802.65,11888.397651676947,11888.397651676947,11764.402204241496,11764.402204241496,11895.65,11407.960000000003,11913.880000000001
103,11840.45,11840.45,2019-11-13,11946.8,11823.2,11896.54647751542,11896.54647751542,11753.065594161655,11753.065594161655,11932.65,11391.440000000002,11911.035
104,11913.45,11913.45,2019-11-11,11932.65,11853.95,11924.594716273128,11924.594716273128,11743.867235652357,11743.867235652357,11932.65,11376.738000000003,11905.675
105,11908.15,11908.15,2019-11-08,12034.15,11888.75,11930.167074409692,11930.167074409692,11726.016418352605,11726.016418352605,12002.9,11359.626000000004,11877.045
106,12012.05,12012.05,2019-11-07,12021.4,11946.85,11941.175611614535,11941.175611614535,11706.844462389721,11706.844462389721,11978.95,11338.050000000003,11844.619999999999
107,11966.05,11966.05,2019-11-06,12002.9,11850.25,11905.738417421802,11905.738417421802,11674.717563693903,11674.717563693903,11978.95,11312.636,11801.675
108,11917.2,11917.2,2019-11-05,11978.95,11861.9,11875.582626132704,11875.582626132704,11644.050991451155,11644.050991451155,11918.3,11291.688999999998,11765.48
109,11941.3,11941.3,2019-11-04,11989.15,11905.35,11854.773939199054,11854.773939199054,11615.298464235486,11615.298464235486,11918.3,11273.685,11732.595000000001
110,11890.6,11890.6,2019-11-01,11918.3,11843.35,11811.510908798582,11811.510908798582,11580.982513102379,11580.982513102379,11883.95,11255.937,11704.650000000001
111,11877.45,11877.45,2019-10-31,11945.0,11855.1,11771.966363197873,11771.966363197873,11548.391198692101,11548.391198692101,11809.4,11239.081,11674.225000000002
112,11843.65,11843.65,2019-10-30,11883.95,11784.45,11719.224544796807,11719.224544796807,11513.753430133374,11513.753430133374,11672.4,11222.120000000003,11632.880000000001
113,11786.85,11786.85,2019-10-29,11809.4,11627.35,11657.011817195209,11657.011817195209,11479.02747541057,11479.02747541057,11646.9,11203.764000000001,11591.345000000003
114,11627.15,11627.15,2019-10-27,11672.4,11604.6,11592.092725792812,11592.092725792812,11446.625104401155,11446.625104401155,11646.9,11190.220000000003,11546.775000000001
115,11583.9,11583.9,2019-10-25,11646.9,11490.75,11574.564088689218,11574.564088689218,11427.622483811803,11427.622483811803,11646.9,11178.326000000001,11514.565000000002
116,11582.6,11582.6,2019-10-24,11679.6,11534.65,11569.896133033826,11569.896133033826,11411.172218949887,11411.172218949887,11651.6,11163.758,11479.630000000003
117,11604.1,11604.1,2019-10-23,11651.6,11554.4,11563.544199550737,11563.544199550737,11393.127189365663,11393.127189365663,11651.6,11151.071000000002,11452.700000000003
118,11588.35,11588.35,2019-10-22,11714.35,11573.65,11543.266299326104,11543.266299326104,11370.919525088364,11370.919525088364,11599.1,11136.241000000002,11404.930000000002
119,11661.85,11661.85,2019-10-18,11684.7,11553.15,11520.724448989155,11520.724448989155,11348.032106676614,11348.032106676614,11481.05,11124.421,11363.570000000002
120,11586.35,11586.35,2019-10-17,11599.1,11439.65,11450.161673483732,11450.161673483732,11314.998644221521,11314.998644221521,11462.35,11110.784000000001,11328.785
121,11464.0,11464.0,2019-10-16,11481.05,11411.1,11382.067510225595,11382.067510225595,11286.435343613259,11286.435343613259,11420.45,11101.417000000001,11306.14
122,11428.3,11428.3,2019-10-15,11462.35,11342.1,11341.101265338393,11341.101265338393,11267.744327151495,11267.744327151495,11362.9,11093.845000000003,11307.185
123,11341.15,11341.15,2019-10-14,11420.45,11290.05,11297.50189800759,11297.50189800759,11250.843730009547,11250.843730009547,11293.35,11089.063,11315.594999999998
124,11305.05,11305.05,2019-10-11,11362.9,11189.4,11275.677847011382,11275.677847011382,11241.337806852656,11241.337806852656,11293.35,11087.926000000001,11338.599999999999
125,11234.55,11234.55,2019-10-10,11293.35,11208.55,11260.991770517074,11260.991770517074,11234.631260205568,11234.631260205568,11233.85,11086.868,11352.114999999998
126,11313.3,11313.3,2019-10-09,11321.6,11090.15,11274.212655775611,11274.212655775611,11234.639813911415,11234.639813911415,11233.85,11087.603000000001,11387.479999999998
127,11126.4,11126.4,2019-10-07,11233.85,11112.65,11254.668983663416,11254.668983663416,11226.359794323143,11226.359794323143,11233.85,11087.958,11416.169999999996
128,11174.75,11174.75,2019-10-04,11400.3,11158.35,11318.803475495122,11318.803475495122,11236.881877936106,11236.881877936106,11370.4,11092.354,11430.944999999996
129,11314.0,11314.0,2019-10-03,11370.4,11257.35,11390.830213242682,11390.830213242682,11243.422075613591,11243.422075613591,11370.4,11097.243999999999,11383.949999999997
130,11359.9,11359.9,2019-10-01,11554.2,11247.9,11429.245319864021,11429.245319864021,11235.992820415022,11235.992820415022,11508.25,11102.902,11336.614999999996
131,11474.45,11474.45,2019-09-30,11508.25,11390.8,11463.917979796031,11463.917979796031,11222.949959406076,11222.949959406076,11508.25,11109.454,11282.384999999998
132,11512.4,11512.4,2019-09-27,11593.6,11499.75,11458.651969694045,11458.651969694045,11196.476270922505,11196.476270922505,11564.95,11113.216999999999,11235.289999999997
133,11571.2,11571.2,2019-09-26,11610.85,11466.35,11431.777954541069,11431.777954541069,11163.221141545928,11163.221141545928,11564.95,11114.735999999999,11191.639999999998
134,11440.2,11440.2,2019-09-25,11564.95,11416.1,11362.066931811602,11362.066931811602,11120.275998550762,11120.275998550762,11564.95,11114.362,11132.8
135,11588.2,11588.2,2019-09-24,11655.05,11539.2,11323.000397717402,11323.000397717402,11086.599787871895,11086.599787871895,11381.9,11117.216,11092.349999999999
136,11600.2,11600.2,2019-09-23,11694.85,11471.35,11190.4005965761,11190.4005965761,11033.79976554262,11033.79976554262,10845.2,11115.430000000002,11033.835
137,11274.15,11274.15,2019-09-20,11381.9,10691.0,10985.50089486415,10985.50089486415,10974.178688231317,10974.178688231317,10845.2,11114.544000000004,10968.435
138,10704.8,10704.8,2019-09-19,10845.2,10670.25,10841.176342296225,10841.176342296225,10942.602760676718,10942.602760676718,10845.2,11120.233000000002,10925.81
139,10840.65,10840.65,2019-09-18,10885.15,10804.85,10909.364513444338,10909.364513444338,10967.634630221637,10967.634630221637,10885.15,11142.360000000002,10939.794999999998
140,10817.6,10817.6,2019-09-17,11000.1,10796.5,10943.721770166507,10943.721770166507,10981.00143340286,10981.00143340286,11000.1,11164.482000000002,10935.519999999999
141,11003.5,11003.5,2019-09-16,11052.7,10968.2,11006.782655249757,11006.782655249757,10998.201584287372,10998.201584287372,11052.7,11186.465000000002,10956.084999999997
142,11075.9,11075.9,2019-09-13,11084.45,10945.75,11008.423982874636,11008.423982874636,10997.64385631762,10997.64385631762,11054.8,11204.601000000002,10950.564999999999
143,10982.8,10982.8,2019-09-12,11081.75,10964.95,10974.685974311951,10974.685974311951,10989.406367508947,10989.406367508947,11028.85,11220.395000000002,10947.585
144,11035.7,11035.7,2019-09-11,11054.8,11011.65,10970.628961467926,10970.628961467926,10990.101774615152,10990.101774615152,10957.05,11236.516000000001,10959.84
145,11003.05,11003.05,2019-09-09,11028.85,10889.8,10938.093442201887,10938.093442201887,10985.301961416748,10985.301961416748,10920.1,11252.633000000003,10962.055
146,10946.2,10946.2,2019-09-06,10957.05,10867.45,10905.61516330283,10905.61516330283,10983.433746829038,10983.433746829038,10858.75,11269.523000000003,10944.685000000001
147,10847.9,10847.9,2019-09-05,10920.1,10816.0,10885.322744954243,10885.322744954243,10987.353088600516,10987.353088600516,10858.75,11286.528000000002,10924.2
148,10844.65,10844.65,2019-09-04,10858.75,10746.35,10904.034117431363,10904.034117431363,11002.03236108478,11002.03236108478,10858.75,11303.563000000002,10931.280000000002
149,10797.9,10797.9,2019-09-03,10967.5,10772.7,10933.726176147044,10933.726176147044,11018.598925409495,11018.598925409495,10967.5,11321.152000000002,10948.515000000003
150,11023.25,11023.25,2019-08-30,11042.6,10874.8,11001.639264220565,11001.639264220565,11041.830391242072,11041.830391242072,11021.1,11341.829000000002,10974.115000000002
151,10948.3,10948.3,2019-08-29,11021.1,10922.4,10990.833896330847,10990.833896330847,11043.786221899132,11043.786221899132,11021.1,11355.193000000001,10976.570000000003
152,11046.1,11046.1,2019-08-28,11129.65,10987.65,11012.10084449627,11012.10084449627,11053.837403151674,11053.837403151674,11070.3,11370.056999999999,10984.680000000002
153,11105.35,11105.35,2019-08-27,11141.75,11049.5,10995.101266744405,10995.101266744405,11054.651866641325,11054.651866641325,10862.55,11382.578000000001,10972.655000000002
154,11057.85,11057.85,2019-08-26,11070.3,10756.55,10939.976900116606,10939.976900116606,11049.315221024623,11049.315221024623,10862.55,11396.937000000002,10973.085000000001
155,10829.35,10829.35,2019-08-23,10862.55,10637.15,10881.040350174908,10881.040350174908,11048.416823237741,11048.416823237741,10862.55,11414.061000000003,10970.545
156,10741.35,10741.35,2019-08-22,10908.25,10718.3,10906.885525262362,10906.885525262362,11071.476488841714,11071.476488841714,10908.25,11435.598000000004,10973.16
157,10918.7,10918.7,2019-08-21,11034.2,10906.65,10989.65328789354,10989.65328789354,11106.226645561894,11106.226645561894,11034.2,11460.083000000002,10993.849999999999
158,11017.0,11017.0,2019-08-20,11076.3,10985.3,11025.129931840307,11025.129931840307,11125.966292463145,11125.966292463145,11068.65,11480.163000000002,10988.24
159,11053.9,11053.9,2019-08-19,11146.9,11037.85,11029.19489776046,11029.19489776046,11137.436428511897,11137.436428511897,11068.65,11497.236000000003,10986.275
160,11047.8,11047.8,2019-08-16,11068.65,10924.3,11016.84234664069,11016.84234664069,11146.229736776308,11146.229736776308,11068.65,11513.033000000003,10978.885
161,11029.4,11029.4,2019-08-14,11078.15,10935.6,11001.363519961033,11001.363519961033,11156.59076170013,11156.59076170013,11078.15,11532.510000000002,10985.905
162,10925.85,10925.85,2019-08-13,11145.9,10901.6,10987.34527994155,10987.34527994155,11169.979262931723,11169.979262931723,11058.05,11553.693000000003,10991.505000000001
163,11109.65,11109.65,2019-08-09,11181.45,11062.8,11018.092919912324,11018.092919912324,11195.67708008243,11195.67708008243,10975.65,11573.632000000005,11017.84
164,11032.45,11032.45,2019-08-08,11058.05,10842.95,10972.314379868487,10972.314379868487,11204.73256219637,11204.73256219637,10975.65,11590.357000000004,11035.305
165,10855.5,10855.5,2019-08-07,10975.65,10835.9,10942.24656980273,10942.24656980273,11222.867568743355,11222.867568743355,10895.8,11606.930000000004,11057.275
166,10948.25,10948.25,2019-08-06,11018.55,10813.8,10985.619854704093,10985.619854704093,11261.537839137392,11261.537839137392,10895.8,11628.395000000004,11098.855
167,10862.6,10862.6,2019-08-05,10895.8,10782.6,11004.304782056139,11004.304782056139,11294.515506415013,11294.515506415013,10895.8,11647.925000000005,11137.135
168,10997.35,10997.35,2019-08-02,11080.15,10848.95,11075.157173084206,11075.157173084206,11339.980296563963,11339.980296563963,11076.75,11667.555000000004,11185.494999999999
169,10980.0,10980.0,2019-08-01,11076.75,10881.0,11114.060759626307,11114.060759626307,11376.046643570695,11376.046643570695,11076.75,11680.749000000005,11227.685
170,11118.0,11118.0,2019-07-31,11145.3,10999.4,11181.091139439459,11181.091139439459,11417.735763946557,11417.735763946557,11145.3,11695.907000000007,11289.374999999998
171,11085.4,11085.4,2019-07-30,11267.45,11072.65,11212.636709159187,11212.636709159187,11449.286896993563,11449.286896993563,11267.45,11707.729000000007,11346.324999999999
172,11189.2,11189.2,2019-07-29,11310.95,11152.4,11276.25506373878,11276.25506373878,11487.590780887622,11487.590780887622,11307.6,11722.586000000005,11404.045
173,11284.3,11284.3,2019-07-26,11307.6,11210.05,11319.782595608167,11319.782595608167,11519.000336770529,11519.000336770529,11307.6,11726.945000000007,11443.960000000001
174,11252.15,11252.15,2019-07-25,11361.4,11239.35,11337.52389341225,11337.52389341225,11543.705635377952,11543.705635377952,11359.75,11726.401000000005,11470.78
175,11271.3,11271.3,2019-07-24,11359.75,11229.8,11380.210840118376,11380.210840118376,11574.39570225984,11574.39570225984,11359.75,11724.498000000005,11503.855
176,11331.05,11331.05,2019-07-23,11398.15,11302.8,11434.666260177564,11434.666260177564,11606.300513024034,11606.300513024034,11398.15,11723.513000000004,11526.615
177,11346.2,11346.2,2019-07-22,11398.15,11301.25,11486.474390266347,11486.474390266347,11635.274251237091,11635.274251237091,11398.15,11719.856000000003,11549.099999999999
178,11419.25,11419.25,2019-07-19,11640.35,11399.3,11556.61158539952,11556.61158539952,11665.703119788364,11665.703119788364,11640.35,11718.510000000004,11570.34
179,11596.9,11596.9,2019-07-18,11677.15,11582.4,11625.292378099279,11625.292378099279,11691.645553450298,11691.645553450298,11670.05,11716.161000000006,11609.529999999999
180,11687.5,11687.5,2019-07-17,11706.65,11651.15,11639.488567148916,11639.488567148916,11701.618769602961,11701.618769602961,11618.4,11711.412000000004,11644.515
181,11662.6,11662.6,2019-07-16,11670.05,11573.95,11615.482850723372,11615.482850723372,11703.104955876956,11703.104955876956,11618.4,11707.620000000004,11667.439999999999
182,11588.35,11588.35,2019-07-15,11618.4,11532.3,11591.924276085057,11591.924276085057,11707.36863544295,11707.36863544295,11599.0,11706.333000000006,11692.21
183,11552.5,11552.5,2019-07-12,11639.55,11538.6,11593.711414127585,11593.711414127585,11719.896912857997,11719.896912857997,11593.7,11708.811000000005,11719.935
184,11582.9,11582.9,2019-07-11,11599.0,11519.5,11614.317121191376,11614.317121191376,11737.51764052726,11737.51764052726,11582.55,11712.256000000005,11743.57
185,11498.9,11498.9,2019-07-10,11593.7,11475.65,11630.025681787065,11630.025681787065,11753.793181635392,11753.793181635392,11582.55,11715.561000000005,11769.435000000001
186,11555.9,11555.9,2019-07-09,11582.55,11461.0,11695.588522680595,11695.588522680595,11780.62404286017,11780.62404286017,11582.55,11720.676000000005,11804.300000000001
187,11558.6,11558.6,2019-07-08,11771.9,11523.3,11765.43278402089,11765.43278402089,11804.279205266503,11804.279205266503,11771.9,11722.394000000006,11828.355000000001
188,11811.15,11811.15,2019-07-05,11981.75,11797.9,11868.849176031334,11868.849176031334,11830.140174241922,11830.140174241922,11945.2,11725.745000000006,11842.460000000001
189,11946.75,11946.75,2019-07-04,11969.25,11923.65,11897.698764047,11897.698764047,11832.139139951598,11832.139139951598,11917.45,11721.041000000005,11833.755000000001
190,11916.75,11916.75,2019-07-03,11945.2,11887.05,11873.173146070498,11873.173146070498,11820.074838893872,11820.074838893872,11884.65,11713.995000000004,11822.255000000001
191,11910.3,11910.3,2019-07-02,11917.45,11814.7,11851.384719105745,11851.384719105745,11809.898506145859,11809.898506145859,11871.7,11710.716000000006,11799.725000000002
192,11865.6,11865.6,2019-07-01,11884.65,11830.8,11821.927078658617,11821.927078658617,11799.329927845421,11799.329927845421,11871.7,11708.253000000004,11777.845000000001
193,11788.85,11788.85,2019-06-28,11871.7,11775.5,11800.090617987924,11800.090617987924,11792.354130776517,11792.354130776517,11871.7,11704.748000000005,11758.5
194,11841.55,11841.55,2019-06-27,11911.15,11821.05,11805.710926981885,11805.710926981885,11792.72298664773,11792.72298664773,11814.4,11701.840000000004,11761.945
195,11847.55,11847.55,2019-06-26,11871.85,11757.55,11787.791390472827,11787.791390472827,11787.583301031702,11787.583301031702,11754.0,11696.943000000003,11769.195
196,11796.45,11796.45,2019-06-25,11814.4,11651.0,11757.912085709238,11757.912085709238,11781.271016929775,11781.271016929775,11754.0,11691.678000000004,11775.06
197,11699.65,11699.65,2019-06-24,11754.0,11670.2,11738.643128563857,11738.643128563857,11779.673229238173,11779.673229238173,11754.0,11689.188000000002,11791.975
198,11724.1,11724.1,2019-06-21,11827.95,11705.1,11758.139692845785,11758.139692845785,11788.096727052718,11788.096727052718,11802.5,11687.285000000002,11814.28
199,11831.75,11831.75,2019-06-20,11843.5,11635.05,11775.159539268678,11775.159539268678,11794.833224637214,11794.833224637214,11727.2,11686.122000000001,11828.935
200,11691.45,11691.45,2019-06-19,11802.5,11625.1,11746.864308903016,11746.864308903016,11790.947248283235,11790.947248283235,11727.2,11681.447000000002,11830.134999999998
201,11691.5,11691.5,2019-06-18,11727.2,11641.15,11774.571463354521,11774.571463354521,11801.420642839365,11801.420642839365,11727.2,11680.497000000001,11863.154999999999
202,11672.15,11672.15,2019-06-17,11844.05,11657.75,11816.107195031782,11816.107195031782,11812.991236822454,11812.991236822454,11844.05,11680.931,11902.859999999999
203,11823.3,11823.3,2019-06-14,11911.85,11797.7,11888.08579254767,11888.08579254767,11827.816630172187,11827.816630172187,11911.85,11680.871000000001,11927.925
204,11914.05,11914.05,2019-06-13,11931.35,11817.05,11920.478688821506,11920.478688821506,11828.292064927155,11828.292064927155,11931.35,11676.883,11940.185000000001
205,11906.2,11906.2,2019-06-12,11962.45,11866.35,11923.693033232259,11923.693033232259,11819.264913866855,11819.264913866855,11962.45,11670.002,11934.890000000003
206,11965.6,11965.6,2019-06-11,12000.35,11904.35,11932.439549848388,11932.439549848388,11810.11385216863,11810.11385216863,11897.5,11660.779000000002,11937.145
207,11922.7,11922.7,2019-06-10,11975.05,11871.75,11915.85932477258,11915.85932477258,11793.746889239012,11793.746889239012,11897.5,11651.132000000001,11933.060000000001
208,11870.65,11870.65,2019-06-07,11897.5,11769.5,11912.43898715887,11912.43898715887,11780.17287757996,11780.17287757996,11897.5,11639.763000000003,11925.2
209,11843.75,11843.75,2019-06-06,12039.8,11830.25,11933.333480738303,11933.333480738303,11770.6489699568,11770.6489699568,12039.8,11631.488000000003,11903.840000000002
210,12021.65,12021.65,2019-06-04,12095.2,12005.85,11978.125221107453,11978.125221107453,11762.954124689093,11762.954124689093,12039.25,11625.034000000003,11893.255000000001
211,12088.55,12088.55,2019-06-03,12103.05,11920.1,11956.36283166118,11956.36283166118,11735.722979919525,11735.722979919525,11968.55,11615.249000000003,11862.000000000004
212,11922.8,11922.8,2019-05-31,12039.25,11829.45,11890.269247491768,11890.269247491768,11698.583293595264,11698.583293595264,11931.9,11602.722000000002,11835.970000000003
213,11945.9,11945.9,2019-05-30,11968.55,11859.4,11874.003871237652,11874.003871237652,11674.981535026345,11674.981535026345,11931.9,11592.803,11784.405000000002
214,11861.1,11861.1,2019-05-29,11931.9,11836.8,11838.055806856479,11838.055806856479,11646.463801871223,11646.463801871223,11931.9,11580.75,11715.525000000003
215,11928.75,11928.75,2019-05-28,11958.55,11864.9,11826.533710284719,11826.533710284719,11623.870517857667,11623.870517857667,11859.0,11570.362,11645.115000000002
216,11924.75,11924.75,2019-05-27,11957.15,11812.4,11775.425565427078,11775.425565427078,11591.777940790053,11591.777940790053,11859.0,11557.810999999998,11574.445000000003
217,11844.1,11844.1,2019-05-24,11859.0,11658.1,11700.763348140617,11700.763348140617,11556.7282503469,11556.7282503469,11784.8,11542.677,11496.790000000003
218,11657.05,11657.05,2019-05-23,12041.15,11614.5,11629.095022210924,11629.095022210924,11526.478592488678,11526.478592488678,11784.8,11526.503,11440.27
219,11737.9,11737.9,2019-05-22,11784.8,11682.4,11615.117533316385,11615.117533316385,11512.734233803278,11512.734233803278,11784.8,11514.525999999998,11404.745
220,11709.1,11709.1,2019-05-21,11883.55,11682.8,11553.726299974574,11553.726299974574,11489.032574203622,11489.032574203622,11426.15,11500.827999999998,11366.900000000001
221,11828.25,11828.25,2019-05-20,11845.2,11591.7,11476.03944996186,11476.03944996186,11465.867582014529,11465.867582014529,11281.55,11486.394999999997,11345.78
222,11407.15,11407.15,2019-05-17,11426.15,11259.85,11299.934174942788,11299.934174942788,11427.722064331849,11427.722064331849,11281.55,11467.099999999999,11322.78
223,11257.1,11257.1,2019-05-16,11281.55,11143.35,11246.326262414179,11246.326262414179,11429.887544787833,11429.887544787833,11281.55,11454.806999999997,11353.29
224,11157.0,11157.0,2019-05-15,11286.8,11136.95,11240.939393621265,11240.939393621265,11448.075707397078,11448.075707397078,11286.8,11445.797999999999,11400.055
225,11222.05,11222.05,2019-05-14,11294.75,11108.3,11282.909090431898,11282.909090431898,11478.715255544139,11478.715255544139,11294.75,11439.364,11459.17
226,11148.2,11148.2,2019-05-13,11300.2,11125.6,11313.338635647846,11313.338635647846,11505.732650864575,11505.732650864575,11300.2,11432.524999999998,11512.429999999998
227,11278.9,11278.9,2019-05-10,11345.8,11251.05,11395.907953471768,11395.907953471768,11543.367666745056,11543.367666745056,11345.8,11425.393999999998,11561.789999999999
228,11301.8,11301.8,2019-05-09,11357.6,11255.05,11454.41193020765,11454.41193020765,11571.206368507696,11571.206368507696,11357.6,11415.612999999998,11606.515
229,11359.45,11359.45,2019-05-08,11479.1,11346.95,11530.717895311474,11530.717895311474,11599.564933613769,11599.564933613769,11479.1,11404.285999999996,11633.929999999998
230,11497.9,11497.9,2019-05-07,11657.05,11484.45,11616.35184296721,11616.35184296721,11624.84018978364,11624.84018978364,11632.55,11389.183999999997,11657.429999999998
231,11598.25,11598.25,2019-05-06,11632.55,11571.35,11675.577764450813,11675.577764450813,11638.202315024024,11638.202315024024,11632.55,11372.044999999995,11682.92
232,11712.25,11712.25,2019-05-03,11770.9,11699.35,11714.241646676219,11714.241646676219,11642.407821868657,11642.407821868657,11756.25,11354.567999999996,11701.81
233,11724.75,11724.75,2019-05-02,11789.3,11699.55,11715.237470014328,11715.237470014328,11635.056013644305,11635.056013644305,11756.25,11335.243999999997,11699.619999999999
234,11748.15,11748.15,2019-04-30,11756.25,11655.9,11710.481205021491,11710.481205021491,11625.614541396339,11625.614541396339,11756.25,11316.621999999998,11691.49
235,11754.65,11754.65,2019-04-26,11762.9,11661.75,11691.646807532237,11691.646807532237,11612.716072069637,11612.716072069637,11740.85,11298.286999999997,11676.345
236,11641.8,11641.8,2019-04-25,11796.75,11624.3,11660.145211298357,11660.145211298357,11597.775658603283,11597.775658603283,11645.95,11280.969999999998,11659.310000000001
237,11726.15,11726.15,2019-04-24,11740.85,11578.85,11669.317816947536,11669.317816947536,11593.141517403628,11593.141517403628,11645.95,11267.005999999996,11662.325
238,11575.95,11575.95,2019-04-23,11645.95,11564.8,11640.901725421303,11640.901725421303,11579.140624498748,11579.140624498748,11645.95,11253.870999999996,11650.16
239,11594.45,11594.45,2019-04-22,11727.05,11583.95,11673.377588131953,11673.377588131953,11579.476479709143,11579.476479709143,11727.05,11243.600999999997,11659.16
240,11752.8,11752.8,2019-04-18,11856.15,11738.5,11712.841382197928,11712.841382197928,11577.900319678527,11577.900319678527,11704.6,11230.398999999998,11659.515000000001
241,11787.15,11787.15,2019-04-16,11810.95,11731.55,11692.862073296892,11692.862073296892,11559.489827013107,11559.489827013107,11657.35,11213.587999999996,11648.630000000001
242,11690.35,11690.35,2019-04-15,11704.6,11648.25,11645.718109945337,11645.718109945337,11535.525598277643,11535.525598277643,11606.7,11195.717999999995,11641.235
243,11643.45,11643.45,2019-04-12,11657.35,11578.8,11623.402164918005,11623.402164918005,11519.228292833184,11519.228292833184,11606.7,11178.529999999995,11639.115
244,11596.7,11596.7,2019-04-11,11606.7,11550.55,11613.378247377006,11613.378247377006,11506.15232365773,11506.15232365773,11606.7,11158.696999999996,11637.16
245,11584.3,11584.3,2019-04-10,11680.05,11571.75,11621.717371065508,11621.717371065508,11496.620989305911,11496.620989305911,11680.05,11139.806999999997,11634.49
246,11671.95,11671.95,2019-04-09,11683.9,11569.7,11640.426056598262,11640.426056598262,11487.391619759166,11487.391619759166,11683.9,11121.351999999997,11620.564999999999
247,11604.5,11604.5,2019-04-08,11710.3,11549.1,11624.664084897391,11624.664084897391,11467.964421839079,11467.964421839079,11662.55,11103.524,11601.695
248,11665.95,11665.95,2019-04-05,11689.65,11609.5,11634.746127346085,11634.746127346085,11453.592255716876,11453.592255716876,11662.55,11088.43,11576.67
249,11598.0,11598.0,2019-04-04,11662.55,11559.2,11619.144191019126,11619.144191019126,11431.238808950231,11431.238808950231,11662.55,11071.741000000002,11555.765
250,11643.95,11643.95,2019-04-03,11761.0,11629.15,11629.716286528688,11629.716286528688,11413.684999366043,11413.684999366043,11729.35,11058.236,11548.07
251,11713.2,11713.2,2019-04-02,11729.35,11655.85,11622.59942979303,11622.59942979303,11389.44657824668,11389.44657824668,11630.35,11044.594000000001,11536.914999999999
252,11669.15,11669.15,2019-04-01,11738.1,11644.75,11577.299144689543,11577.299144689543,11355.3672706937,11355.3672706937,11588.5,11028.469000000001,11511.814999999999
253,11623.9,11623.9,2019-03-29,11630.35,11570.15,11531.373717034316,11531.373717034316,11322.337509714089,11322.337509714089,11546.2,11013.19,11487.585000000001
254,11570.0,11570.0,2019-03-28,11588.5,11452.45,11485.110575551473,11485.110575551473,11290.594089683993,11290.594089683993,11496.75,10998.518,11459.52
255,11445.05,11445.05,2019-03-27,11546.2,11413.0,11442.665863327209,11442.665863327209,11261.182941229677,11261.182941229677,11395.65,10984.854000000001,11436.69
256,11483.25,11483.25,2019-03-26,11496.75,11352.45,11441.473794990814,11441.473794990814,11241.828513990697,11241.828513990697,11395.65,10970.705,11422.305
257,11354.25,11354.25,2019-03-25,11395.65,11311.6,11420.58569248622,11420.58569248622,11216.415725989717,11216.415725989717,11395.65,10956.938999999998,11390.785
258,11456.9,11456.9,2019-03-22,11572.8,11434.55,11453.753538729328,11453.753538729328,11201.906855041265,11201.906855041265,11543.85,10946.285999999998,11358.9
259,11521.05,11521.05,2019-03-20,11556.1,11503.1,11452.18030809399,11452.18030809399,11175.065471361399,11175.065471361399,11530.15,10934.250999999998,11319.03
260,11532.4,11532.4,2019-03-19,11543.85,11451.25,11417.745462140985,11417.745462140985,11138.646047294176,11138.646047294176,11487.0,10919.872999999998,11272.225
261,11462.2,11462.2,2019-03-18,11530.15,11412.5,11360.418193211475,11360.418193211475,11097.198262798827,11097.198262798827,11383.45,10904.660999999998,11217.73
262,11426.85,11426.85,2019-03-15,11487.0,11370.8,11309.527289817212,11309.527289817212,11058.777027303968,11058.777027303968,11352.3,10889.964,11157.86
263,11343.25,11343.25,2019-03-14,11383.45,11313.75,11250.865934725816,11250.865934725816,11020.03250386228,11020.03250386228,11320.4,10874.872,11094.425
264,11341.7,11341.7,2019-03-13,11352.3,11276.6,11204.673902088723,11204.673902088723,10986.009609531995,10986.009609531995,11180.9,10863.857,11040.765
265,11301.2,11301.2,2019-03-12,11320.4,11227.0,11136.160853133084,11136.160853133084,10948.56851579852,10948.56851579852,11049.0,10855.225,10990.125
266,11168.05,11168.05,2019-03-11,11180.9,11059.85,11053.641279699625,11053.641279699625,10911.449412198366,10911.449412198366,11049.0,10846.452000000001,10948.015000000001
267,11035.4,11035.4,2019-03-08,11049.0,11008.95,10996.436919549436,10996.436919549436,10884.438824008721,10884.438824008721,11049.0,10840.289,10910.375
268,11058.2,11058.2,2019-03-07,11089.05,11027.1,10976.955379324156,10976.955379324156,10868.548173904375,10868.548173904375,10994.9,10835.177000000001,10885.820000000002
269,11053.0,11053.0,2019-03-06,11062.3,10998.85,10936.333068986232,10936.333068986232,10848.584823789048,10848.584823789048,10877.9,10828.610000000002,10853.545000000002
270,10987.45,10987.45,2019-03-05,10994.9,10817.0,10877.999603479348,10877.999603479348,10827.067436819474,10827.067436819474,10865.7,10820.820000000002,10808.680000000002
271,10863.5,10863.5,2019-03-01,10877.9,10823.1,10823.27440521902,10823.27440521902,10810.185061747841,10810.185061747841,10865.7,10816.151000000003,10774.030000000002
272,10792.5,10792.5,2019-02-28,10865.7,10784.85,10803.161607828528,10803.161607828528,10804.572962984455,10804.572962984455,10865.7,10817.915000000003,10760.12
273,10806.65,10806.65,2019-02-27,10939.7,10751.2,10808.49241174279,10808.49241174279,10805.843801193345,10805.843801193345,10887.1,10821.411000000004,10755.475000000002
274,10835.3,10835.3,2019-02-26,10888.75,10729.3,10809.413617614184,10809.413617614184,10805.758938161065,10805.758938161065,10801.55,10823.452000000001,10754.175000000001
275,10880.1,10880.1,2019-02-25,10887.1,10788.05,10796.470426421274,10796.470426421274,10802.649352704337,10802.649352704337,10801.55,10824.513,10753.785
276,10791.65,10791.65,2019-02-22,10801.55,10758.4,10754.65563963191,10754.65563963191,10794.496652989003,10794.496652989003,10752.7,10823.02,10754.655
277,10789.85,10789.85,2019-02-21,10808.85,10721.5,10736.158459447865,10736.158459447865,10794.796300672057,10794.796300672057,10722.85,10823.018,10769.850000000002
278,10735.45,10735.45,2019-02-20,10752.7,10646.4,10709.312689171795,10709.312689171795,10795.316963900694,10795.316963900694,10722.85,10821.973,10797.805
279,10604.35,10604.35,2019-02-19,10722.85,10585.65,10696.24403375769,10696.24403375769,10801.618749574453,10801.618749574453,10722.85,10818.247000000001,10830.505000000001
280,10640.95,10640.95,2019-02-18,10759.9,10628.4,10742.191050636535,10742.191050636535,10822.383881108606,10822.383881108606,10759.9,10815.929000000002,10863.505000000001
281,10724.4,10724.4,2019-02-15,10785.75,10620.4,10792.811575954802,10792.811575954802,10841.482184383196,10841.482184383196,10785.75,10816.984000000002,10890.635
282,10746.05,10746.05,2019-02-14,10792.7,10718.75,10827.017363932202,10827.017363932202,10853.806624844585,10853.806624844585,10792.7,10814.519000000002,10907.560000000001
283,10793.65,10793.65,2019-02-13,10891.65,10772.1,10867.501045898302,10867.501045898302,10865.149427459804,10865.149427459804,10891.65,10815.256000000001,10916.05
284,10831.4,10831.4,2019-02-12,10910.9,10823.8,10904.426568847452,10904.426568847452,10872.675682981888,10872.675682981888,10910.9,10816.773000000001,10901.865000000002
285,10888.8,10888.8,2019-02-11,10930.9,10857.1,10940.939853271175,10940.939853271175,10877.020491716823,10877.020491716823,10930.9,10817.82,10883.945000000002
286,10943.6,10943.6,2019-02-08,11041.2,10925.45,10967.009779906763,10967.009779906763,10875.780543476489,10875.780543476489,11041.2,10817.579,10861.220000000001
287,11069.4,11069.4,2019-02-07,11118.1,11043.6,10978.714669860141,10978.714669860141,10868.64165331612,10868.64165331612,10956.7,10815.881,10844.915
288,11062.45,11062.45,2019-02-06,11072.6,10962.7,10933.37200479021,10933.37200479021,10847.509195770446,10847.509195770446,10927.9,10809.069999999998,10822.955000000002
289,10934.35,10934.35,2019-02-05,10956.7,10886.7,10868.833007185314,10868.833007185314,10824.883847956808,10824.883847956808,10927.9,10801.532999999998,10799.860000000002
290,10912.25,10912.25,2019-02-04,10927.9,10814.15,10836.074510777971,10836.074510777971,10813.361095110155,10813.361095110155,10838.05,10795.417999999998,10798.7
291,10893.65,10893.65,2019-02-01,10983.45,10813.45,10797.986766166956,10797.986766166956,10802.951736700697,10802.951736700697,10710.2,10787.707999999999,10803.660000000002
292,10830.95,10830.95,2019-01-31,10838.05,10678.55,10750.155149250433,10750.155149250433,10793.404551090243,10793.404551090243,10690.35,10781.836,10804.990000000002
293,10651.8,10651.8,2019-01-30,10710.2,10612.85,10709.75772387565,10709.75772387565,10789.452398573427,10789.452398573427,10690.35,10778.340999999999,10812.415000000003
294,10652.2,10652.2,2019-01-29,10690.35,10583.65,10738.736585813473,10738.736585813473,10803.94212473905,10803.94212473905,10690.35,10780.572999999999,10836.265000000003
295,10661.55,10661.55,2019-01-28,10804.45,10630.95,10782.004878720207,10782.004878720207,10819.914979974737,10819.914979974737,10804.45,10781.172999999999,10859.725000000002
296,10780.55,10780.55,2019-01-25,10931.7,10756.45,10842.232318080309,10842.232318080309,10836.584977866814,10836.584977866814,10866.6,10780.275999999996,10867.330000000004
297,10849.8,10849.8,2019-01-24,10866.6,10798.65,10873.073477120462,10873.073477120462,10842.483396589636,10842.483396589636,10866.6,10776.190999999997,10868.770000000002
298,10831.5,10831.5,2019-01-23,10944.8,10811.95,10884.710215680694,10884.710215680694,10841.713227809596,10841.713227809596,10944.8,10770.844999999996,10865.950000000003
299,10922.75,10922.75,2019-01-22,10949.8,10864.15,10911.31532352104,10911.31532352104,10842.788304421132,10842.788304421132,10928.2,10763.858999999995,10868.315000000002
300,10961.85,10961.85,2019-01-21,10987.45,10885.75,10905.597985281558,10905.597985281558,10834.371283833883,10834.371283833883,10928.2,10757.107999999993,10856.255000000001
301,10906.95,10906.95,2019-01-18,10928.2,10852.2,10877.471977922334,10877.471977922334,10820.952471605871,10820.952471605871,10928.15,10749.838999999994,10837.250000000002
302,10905.2,10905.2,2019-01-17,10930.65,10844.65,10862.732966883501,10862.732966883501,10811.900100195962,10811.900100195962,10896.95,10742.299999999996,10819.290000000003
303,10890.3,10890.3,2019-01-16,10928.15,10876.9,10841.49945032525,10841.49945032525,10802.079058111325,10802.079058111325,10808.0,10734.675999999996,10795.995000000003
304,10886.8,10886.8,2019-01-15,10896.95,10777.55,10817.099175487874,10817.099175487874,10792.792643175675,10792.792643175675,10808.0,10727.929999999995,10786.215000000002
305,10737.6,10737.6,2019-01-14,10808.0,10692.35,10782.248763231812,10782.248763231812,10782.897131931008,10782.897131931008,10808.0,10717.802999999993,10788.545000000002
306,10794.95,10794.95,2019-01-11,10850.15,10739.4,10804.573144847716,10804.573144847716,10787.66525108164,10787.66525108164,10850.15,10710.782999999994,10801.040000000003
307,10821.6,10821.6,2019-01-10,10859.35,10801.8,10809.384717271572,10809.384717271572,10786.898435406023,10786.898435406023,10818.45,10698.851999999995,10807.535000000002
308,10855.15,10855.15,2019-01-09,10870.4,10749.4,10803.277075907357,10803.277075907357,10783.245639132972,10783.245639132972,10818.45,10687.436999999994,10803.355000000001
309,10802.15,10802.15,2019-01-08,10818.45,10733.25,10777.340613861033,10777.340613861033,10775.676759041706,10775.676759041706,10741.05,10670.933999999994,10790.825000000003
310,10771.8,10771.8,2019-01-07,10835.95,10750.15,10764.935920791551,10764.935920791551,10772.890102098727,10772.890102098727,10741.05,10657.388999999994,10776.960000000003
311,10727.35,10727.35,2019-01-04,10741.05,10628.65,10761.503881187326,10761.503881187326,10773.004849688066,10773.004849688066,10741.05,10646.447999999993,10775.180000000004
312,10672.25,10672.25,2019-01-03,10814.05,10661.25,10778.580821780986,10778.580821780986,10777.810623339443,10777.810623339443,10814.05,10634.836999999994,10797.615000000002
313,10792.5,10792.5,2019-01-02,10895.35,10735.05,10831.746232671478,10831.746232671478,10788.92226790149,10788.92226790149,10895.35,10626.296999999995,10827.120000000003
314,10910.1,10910.1,2019-01-01,10923.6,10807.1,10851.369349007215,10851.369349007215,10788.545664522699,10788.545664522699,10893.6,10616.517999999996,10838.740000000002
315,10862.55,10862.55,2018-12-31,10923.55,10853.2,10822.004023510819,10822.004023510819,10775.750471314563,10775.750471314563,10834.2,10607.376999999997,10836.565000000002
316,10859.9,10859.9,2018-12-28,10893.6,10817.15,10801.731035266228,10801.731035266228,10766.613678821359,10766.613678821359,10747.5,10601.820999999996,10830.855000000001
317,10779.8,10779.8,2018-12-27,10834.2,10764.45,10772.646552899343,10772.646552899343,10756.794066065713,10756.794066065713,10747.5,10594.872999999996,10824.020000000002
318,10729.85,10729.85,2018-12-26,10747.5,10534.55,10769.069829349013,10769.069829349013,10754.372388809474,10754.372388809474,10747.5,10588.726999999995,10819.800000000003
319,10663.5,10663.5,2018-12-24,10782.3,10649.25,10788.679744023517,10788.679744023517,10756.953692894682,10756.953692894682,10782.3,10578.822999999997,10801.730000000001
320,10754.0,10754.0,2018-12-21,10963.65,10738.65,10851.269616035273,10851.269616035273,10766.7909237257,10766.7909237257,10962.55,10574.754999999996,10784.225000000002
321,10951.7,10951.7,2018-12-20,10962.55,10880.05,10899.90442405291,10899.90442405291,10768.137336749458,10768.137336749458,10915.4,10565.695999999996,10778.195000000002
322,10967.3,10967.3,2018-12-19,10985.15,10928.0,10874.006636079363,10874.006636079363,10748.814951144137,10748.814951144137,10900.35,10553.622999999998,10743.140000000001
323,10908.7,10908.7,2018-12-18,10915.4,10819.1,10827.359954119043,10827.359954119043,10725.816524948783,10725.816524948783,10815.75,10540.605999999996,10724.7
324,10888.35,10888.35,2018-12-17,10900.35,10844.85,10786.689931178564,10786.689931178564,10706.565632838128,10706.565632838128,10815.75,10534.416999999998,10720.78
325,10805.45,10805.45,2018-12-14,10815.75,10752.1,10735.859896767844,10735.859896767844,10687.430436294773,10687.430436294773,10752.2,10533.814999999997,10720.32
326,10791.55,10791.55,2018-12-13,10838.6,10749.5,10701.064845151766,10701.064845151766,10675.007324325801,10675.007324325801,10567.15,10537.872,10727.45
327,10737.6,10737.6,2018-12-12,10752.2,10560.8,10655.82226772765,10655.82226772765,10662.739674254834,10662.739674254834,10558.85,10540.649999999998,10734.164999999999
328,10549.15,10549.15,2018-12-11,10567.15,10333.85,10614.933401591472,10614.933401591472,10654.859639965869,10654.859639965869,10558.85,10545.448999999999,10733.289999999999
329,10488.45,10488.45,2018-12-10,10558.85,10474.95,10647.825102387207,10647.825102387207,10665.986970488593,10665.986970488593,10558.85,10555.542,10746.935000000001
330,10693.7,10693.7,2018-12-07,10704.55,10599.35,10727.51265358081,10727.51265358081,10684.675072645288,10684.675072645288,10704.55,10567.122,10760.95
331,10601.15,10601.15,2018-12-06,10722.65,10588.25,10744.418980371214,10744.418980371214,10683.72508029216,10683.72508029216,10722.65,10572.596000000001,10744.255000000001
332,10782.9,10782.9,2018-12-05,10821.05,10747.95,10816.05347055682,10816.05347055682,10692.417194007125,10692.417194007125,10821.05,10583.435,10744.145000000002
333,10869.5,10869.5,2018-12-04,10890.95,10833.35,10832.63020583523,10832.63020583523,10682.892688113137,10682.892688113137,10890.95,10592.464,10731.475000000002
334,10883.75,10883.75,2018-12-03,10941.2,10845.35,10814.195308752845,10814.195308752845,10663.24981317768,10663.24981317768,10883.05,10600.652,10720.865000000002
335,10876.75,10876.75,2018-11-30,10922.45,10835.1,10779.417963129268,10779.417963129268,10640.039267196384,10640.039267196384,10757.8,10610.532,10700.710000000003
336,10858.7,10858.7,2018-11-29,10883.05,10782.35,10730.7519446939,10730.7519446939,10615.122347953898,10615.122347953898,10695.15,10623.301,10674.705000000002
337,10728.85,10728.85,2018-11-28,10757.8,10699.85,10666.777917040848,10666.777917040848,10589.482595106942,10589.482595106942,10637.8,10633.525,10646.465000000002
338,10685.6,10685.6,2018-11-27,10695.15,10596.35,10635.74187556127,10635.74187556127,10574.812341960305,10574.812341960305,10637.8,10644.698,10631.830000000002
339,10628.6,10628.6,2018-11-26,10637.8,10489.75,10610.812813341903,10610.812813341903,10563.150483219286,10563.150483219286,10637.8,10659.748,10611.490000000002
340,10526.75,10526.75,2018-11-22,10646.25,10512.0,10601.919220012853,10601.919220012853,10556.261060400264,10556.261060400264,10646.25,10678.958,10607.15
341,10600.05,10600.05,2018-11-21,10671.3,10562.35,10639.503830019277,10639.503830019277,10559.36748781082,10559.36748781082,10671.3,10699.161,10614.314999999999
342,10656.2,10656.2,2018-11-20,10740.85,10640.85,10659.230745028915,10659.230745028915,10555.085118106696,10555.085118106696,10695.15,10716.698999999999,10607.31
343,10763.4,10763.4,2018-11-19,10774.7,10688.8,10660.746117543371,10660.746117543371,10544.441446328452,10544.441446328452,10646.5,10733.981000000002,10594.09
344,10682.2,10682.2,2018-11-16,10695.15,10631.15,10609.419176315056,10609.419176315056,10521.39317752092,10521.39317752092,10646.5,10750.36,10573.05
345,10616.7,10616.7,2018-11-15,10646.5,10557.5,10573.028764472583,10573.028764472583,10504.466143575753,10504.466143575753,10596.25,10770.326000000001,10542.875
346,10576.3,10576.3,2018-11-14,10651.6,10532.7,10551.193146708873,10551.193146708873,10492.652053425832,10492.652053425832,10596.25,10791.528000000002,10519.865000000002
347,10582.5,10582.5,2018-11-13,10596.25,10440.55,10538.639720063307,10538.639720063307,10483.847006418026,10483.847006418026,10596.25,10813.840000000002,10482.075
348,10482.2,10482.2,2018-11-12,10645.5,10464.05,10516.709580094961,10516.709580094961,10473.462480777816,10473.462480777816,10616.45,10836.960000000003,10448.91
349,10585.2,10585.2,2018-11-09,10619.55,10544.85,10533.964370142441,10533.964370142441,10472.542741912324,10472.542741912324,10600.25,10861.155000000002,10403.69
350,10598.4,10598.4,2018-11-07,10616.45,10582.3,10508.34655521366,10508.34655521366,10460.684083166254,10460.684083166254,10558.8,10880.593000000003,10357.66
351,10530.0,10530.0,2018-11-06,10600.25,10491.45,10463.319832820489,10463.319832820489,10446.187670867965,10446.187670867965,10558.8,10900.280000000002,10320.295000000002
352,10524.0,10524.0,2018-11-05,10558.8,10477.0,10429.979749230733,10429.979749230733,10437.365320433013,10437.365320433013,10441.9,10921.098000000004,10281.975000000002
353,10553.0,10553.0,2018-11-02,10606.95,10457.7,10382.969623846098,10382.969623846098,10428.245880478593,10428.245880478593,10396.0,10941.653000000002,10254.100000000002
354,10380.45,10380.45,2018-11-01,10441.9,10341.9,10297.954435769147,10297.954435769147,10415.113867897393,10415.113867897393,10285.1,10960.008000000003,10229.155000000002
355,10386.6,10386.6,2018-10-31,10396.0,10105.1,10256.706653653719,10256.706653653719,10418.76269609712,10418.76269609712,10275.3,10980.100000000004,10236.415000000003
356,10198.4,10198.4,2018-10-30,10285.1,10175.35,10191.759980480578,10191.759980480578,10422.14824305471,10422.14824305471,10128.85,11001.070000000005,10256.230000000001
357,10250.85,10250.85,2018-10-29,10275.3,10020.35,10188.439970720867,10188.439970720867,10445.700689692048,10445.700689692048,10128.85,11024.217000000004,10287.640000000003
358,10030.0,10030.0,2018-10-26,10128.85,10004.55,10157.2349560813,10157.2349560813,10466.211288607,10466.211288607,10128.85,11047.790000000005,10309.805000000002
359,10124.9,10124.9,2018-10-25,10166.6,10079.3,10220.852434121949,10220.852434121949,10512.128266355106,10512.128266355106,10166.6,11076.604000000003,10330.27
360,10224.75,10224.75,2018-10-24,10290.65,10126.7,10268.828651182921,10268.828651182921,10552.88913649775,10552.88913649775,10222.1,11103.106000000003,10363.790000000003
361,10146.8,10146.8,2018-10-23,10222.1,10102.35,10290.86797677438,10290.86797677438,10587.430098234356,10587.430098234356,10222.1,11126.400000000001,10371.420000000002
362,10245.25,10245.25,2018-10-22,10408.55,10224.0,10362.901965161569,10362.901965161569,10633.812213837971,10633.812213837971,10380.1,11151.206,10391.545000000002
363,10303.55,10303.55,2018-10-19,10380.1,10249.6,10421.727947742353,10421.727947742353,10674.713499505126,10674.713499505126,10380.1,11173.517000000002,10398.665000000003
364,10453.05,10453.05,2018-10-17,10710.15,10436.45,10480.816921613528,10480.816921613528,10713.783341558297,10713.783341558297,10526.3,11192.34,10428.235000000002
365,10584.75,10584.75,2018-10-16,10604.9,10525.3,10494.700382420291,10494.700382420291,10741.22895645917,10741.22895645917,10492.45,11210.202999999998,10468.755000000001
366,10512.5,10512.5,2018-10-15,10526.3,10410.15,10449.675573630435,10449.675573630435,10757.700425560135,10757.700425560135,10335.95,11225.637999999999,10511.110000000002
367,10472.5,10472.5,2018-10-12,10492.45,10322.15,10418.263360445651,10418.263360445651,10783.510996671728,10783.510996671728,10335.95,11241.778999999999,10552.905000000002
368,10234.65,10234.65,2018-10-11,10335.95,10138.6,10391.145040668476,10391.145040668476,10816.248996321385,10816.248996321385,10335.95,11257.895999999999,10603.410000000002
369,10460.1,10460.1,2018-10-10,10482.35,10318.25,10469.392561002715,10469.392561002715,10877.469943302583,10877.469943302583,10397.6,11276.548999999999,10685.325000000003
370,10301.05,10301.05,2018-10-09,10397.6,10279.35,10474.038841504072,10474.038841504072,10921.40362154496,10921.40362154496,10397.6,11289.987,10746.060000000001
371,10348.05,10348.05,2018-10-08,10398.35,10198.4,10560.533262256107,10560.533262256107,10986.70400276022,10986.70400276022,10398.35,11306.652,10812.695000000002
372,10316.45,10316.45,2018-10-05,10540.65,10261.9,10666.774893384161,10666.774893384161,11053.930739892874,11053.930739892874,10540.65,11321.385999999999,10892.2
373,10599.25,10599.25,2018-10-04,10754.7,10547.25,10841.937340076242,10841.937340076242,11131.560291460544,11131.560291460544,10754.7,11335.260999999999,10983.990000000002
374,10858.25,10858.25,2018-10-03,10989.05,10843.75,10963.281010114362,10963.281010114362,11187.592953719548,11187.592953719548,10989.05,11342.417999999998,11051.955000000002
375,11008.3,11008.3,2018-10-01,11035.65,10821.55,11015.796515171542,11015.796515171542,11222.260633058448,11222.260633058448,11034.1,11344.861999999997,11103.905000000002
376,10930.45,10930.45,2018-09-28,11034.1,10850.3,11019.544772757312,11019.544772757312,11244.782804959337,11244.782804959337,11034.1,11344.856999999996,11154.595000000001
377,10977.55,10977.55,2018-09-27,11089.45,10953.35,11064.092159135966,11064.092159135966,11277.870468639267,11277.870468639267,11080.6,11344.984999999997,11198.54
378,11053.8,11053.8,2018-09-26,11145.55,10993.05,11107.363238703947,11107.363238703947,11309.483149548663,11309.483149548663,11080.6,11345.811999999998,11229.535
379,11067.45,11067.45,2018-09-25,11080.6,10882.85,11134.144858055919,11134.144858055919,11336.397165290628,11336.397165290628,11080.6,11345.199999999995,11267.965
380,10967.4,10967.4,2018-09-24,11170.15,10943.6,11167.492287083878,11167.492287083878,11364.707393215958,11364.707393215958,11170.15,11342.816999999997,11320.130000000001
381,11143.1,11143.1,2018-09-21,11346.8,10866.45,11267.538430625817,11267.538430625817,11406.529224080796,11406.529224080796,11332.05,11342.413999999997,11377.080000000002
382,11234.35,11234.35,2018-09-19,11332.05,11210.9,11329.757645938724,11329.757645938724,11434.2586160893,11434.2586160893,11332.05,11336.609999999997,11410.465
383,11278.9,11278.9,2018-09-18,11411.45,11268.95,11377.461468908084,11377.461468908084,11455.301628309226,11455.301628309226,11411.45,11327.375999999998,11439.060000000001
384,11377.75,11377.75,2018-09-17,11464.95,11366.9,11426.742203362126,11426.742203362126,11473.870220762828,11473.870220762828,11380.75,11316.792999999998,11469.405000000002
385,11515.2,11515.2,2018-09-14,11523.25,11430.55,11451.238305043189,11451.238305043189,11483.988138737863,11483.988138737863,11380.75,11304.635999999999,11499.680000000002
386,11369.9,11369.9,2018-09-12,11380.75,11250.2,11419.257457564781,11419.257457564781,11480.70267965764,11480.70267965764,11380.75,11288.33,11515.840000000002
387,11287.5,11287.5,2018-09-11,11479.4,11274.0,11443.93618634717,11443.93618634717,11492.3661196216,11492.3661196216,11479.4,11274.078000000001,11548.040000000003
388,11438.1,11438.1,2018-09-10,11573.0,11427.3,11522.154279520753,11522.154279520753,11513.93097431861,11513.93097431861,11562.25,11262.614000000001,11593.140000000003
389,11589.1,11589.1,2018-09-07,11603.0,11484.4,11564.18141928113,11564.18141928113,11521.91318214162,11521.91318214162,11542.65,11245.634000000002,11618.525000000001
390,11536.9,11536.9,2018-09-06,11562.25,11436.05,11551.722128921694,11551.722128921694,11514.840885524947,11514.840885524947,11542.65,11227.280000000002,11615.325
391,11476.95,11476.95,2018-09-05,11542.65,11393.85,11559.13319338254,11559.13319338254,11512.51887347494,11512.51887347494,11542.65,11211.925000000003,11619.910000000002
392,11520.3,11520.3,2018-09-04,11602.55,11496.85,11600.22479007381,11600.22479007381,11516.262965419672,11516.262965419672,11602.55,11197.635000000002,11629.305000000002
393,11582.35,11582.35,2018-09-03,11751.8,11567.4,11640.187185110713,11640.187185110713,11515.838014411216,11515.838014411216,11698.8,11183.666000000001,11632.45
394,11680.5,11680.5,2018-08-31,11727.65,11640.1,11669.10577766607,11669.10577766607,11508.83675277029,11508.83675277029,11698.8,11166.841,11621.29
395,11676.8,11676.8,2018-08-30,11698.8,11639.7,11663.408666499103,11663.408666499103,11490.766937272427,11490.766937272427,11698.8,11148.672000000002,11591.745
396,11691.9,11691.9,2018-08-29,11753.2,11678.85,11656.712999748654,11656.712999748654,11471.184509616895,11471.184509616895,11700.95,11129.345,11567.575
397,11738.5,11738.5,2018-08-28,11760.2,11710.5,11639.119499622979,11639.119499622979,11447.951300102883,11447.951300102883,11604.6,11111.503999999999,11533.960000000003
398,11691.95,11691.95,2018-08-27,11700.95,11595.6,11589.429249434466,11589.429249434466,11417.3672264295,11417.3672264295,11604.6,11093.087999999998,11503.060000000001
399,11557.1,11557.1,2018-08-24,11604.6,11532.0,11538.1688741517,11538.1688741517,11388.463776579974,11388.463776579974,11581.75,11075.41,11480.935000000001
400,11582.75,11582.75,2018-08-23,11620.7,11546.7,11528.703311227546,11528.703311227546,11370.71259516734,11370.71259516734,11565.3,11061.402,11470.225000000002
401,11570.9,11570.9,2018-08-21,11581.75,11539.6,11501.679966841319,11501.679966841319,11348.39286834285,11348.39286834285,11486.45,11046.604,11450.895
402,11551.75,11551.75,2018-08-20,11565.3,11499.65,11467.06995026198,11467.06995026198,11324.971065010517,11324.971065010517,11449.85,11030.924999999997,11432.515000000003
403,11470.75,11470.75,2018-08-17,11486.45,11431.8,11424.729925392967,11424.729925392967,11301.09959816952,11301.09959816952,11449.85,11015.242999999999,11413.420000000002
404,11385.05,11385.05,2018-08-16,11449.85,11366.25,11401.71988808945,11401.71988808945,11283.24166113473,11283.24166113473,11406.3,11001.194999999998,11390.815000000002
405,11435.1,11435.1,2018-08-14,11452.45,11370.8,11410.054832134174,11410.054832134174,11272.524993885756,11272.524993885756,11406.3,10987.186999999998,11386.930000000002
406,11355.75,11355.75,2018-08-13,11406.3,11340.3,11397.53224820126,11397.53224820126,11255.411835347415,11255.411835347415,11406.3,10970.347999999998,11379.070000000002
407,11429.5,11429.5,2018-08-10,11478.75,11419.65,11418.42337230189,11418.42337230189,11244.849923278722,11244.849923278722,11459.95,10955.802999999998,11375.45
408,11470.7,11470.7,2018-08-09,11495.2,11454.1,11412.885058452834,11412.885058452834,11225.413073097536,11225.413073097536,11428.95,10941.136999999997,11360.335000000003
409,11450.0,11450.0,2018-08-08,11459.95,11379.3,11383.977587679248,11383.977587679248,11199.593396581486,11199.593396581486,11427.65,10926.445999999998,11329.995000000003
410,11389.45,11389.45,2018-08-07,11428.95,11359.7,11350.966381518872,11350.966381518872,11173.234806747958,11173.234806747958,11368.0,10909.732999999998,11298.195000000003
411,11387.1,11387.1,2018-08-06,11427.65,11370.6,11331.724572278308,11331.724572278308,11150.475312721426,11150.475312721426,11328.9,10894.61,11272.680000000004
412,11360.8,11360.8,2018-08-03,11368.0,11294.55,11304.03685841746,11304.03685841746,11125.567450902628,11125.567450902628,11328.9,10880.641000000001,11242.445000000003
413,11244.7,11244.7,2018-08-02,11328.9,11234.95,11275.655287626189,11275.655287626189,11100.80612994501,11100.80612994501,11328.9,10865.528,11207.385000000002
414,11346.2,11346.2,2018-08-01,11390.55,11313.55,11291.132931439282,11291.132931439282,11085.659406781328,11085.659406781328,11328.1,10850.911,11178.625000000004
415,11356.5,11356.5,2018-07-31,11366.0,11267.75,11263.599397158921,11263.599397158921,11058.234081179362,11058.234081179362,11283.4,10832.594000000001,11142.050000000003
416,11319.55,11319.55,2018-07-30,11328.1,11261.45,11217.149095738381,11217.149095738381,11026.837668671926,11026.837668671926,11185.85,10816.198,11107.205000000004
417,11278.35,11278.35,2018-07-27,11283.4,11210.25,11165.948643607571,11165.948643607571,10996.025844321603,10996.025844321603,11157.15,10800.140999999998,11068.935000000003
418,11167.3,11167.3,2018-07-26,11185.85,11125.7,11109.747965411354,11109.747965411354,10966.30751214493,10966.30751214493,11143.4,10786.502,11042.990000000002
419,11132.0,11132.0,2018-07-25,11157.15,11113.25,11080.97194811703,11080.97194811703,10945.150408160185,10945.150408160185,11093.4,10776.809999999998,11028.580000000002
420,11134.3,11134.3,2018-07-24,11143.4,11092.5,11055.457922175545,11055.457922175545,10925.482030071782,10925.482030071782,11030.25,10768.991999999997,11010.210000000003
421,11084.75,11084.75,2018-07-23,11093.4,11010.95,11016.036883263316,11016.036883263316,10903.50119113197,10903.50119113197,11006.5,10762.342999999995,10991.505000000001
422,11010.2,11010.2,2018-07-20,11030.25,10946.2,10981.680324894973,10981.680324894973,10884.422369145863,10884.422369145863,11006.5,10756.779999999995,10968.320000000002
423,10957.1,10957.1,2018-07-19,11006.5,10935.45,10967.420487342457,10967.420487342457,10871.182618529638,10871.182618529638,11006.5,10752.705999999996,10944.565
424,10980.45,10980.45,2018-07-18,11076.2,10956.3,10972.580731013684,10972.580731013684,10862.13868363802,10862.13868363802,11018.5,10747.894999999997,10923.83
425,11008.05,11008.05,2018-07-17,11018.5,10925.6,10968.646096520526,10968.646096520526,10849.684860863075,10849.684860863075,11018.5,10743.119999999997,10902.775
426,10936.85,10936.85,2018-07-16,11019.5,10926.25,10948.944144780788,10948.944144780788,10833.014846217084,10833.014846217084,11019.5,10737.314999999997,10871.96
427,11018.9,11018.9,2018-07-13,11071.35,10999.75,10954.99121717118,10954.99121717118,10822.084830029407,10822.084830029407,10976.65,10732.887999999999,10844.005
428,11023.2,11023.2,2018-07-12,11078.3,10999.65,10923.03682575677,10923.03682575677,10801.367443716714,10801.367443716714,10956.9,10724.874999999998,10813.545
429,10948.3,10948.3,2018-07-11,10976.65,10923.0,10872.955238635153,10872.955238635153,10778.016648318473,10778.016648318473,10860.35,10718.003999999999,10770.135
430,10947.25,10947.25,2018-07-10,10956.9,10876.65,10835.28285795273,10835.28285795273,10760.092084983577,10760.092084983577,10816.35,10713.399,10742.445
431,10852.9,10852.9,2018-07-09,10860.35,10807.15,10779.299286929096,10779.299286929096,10740.391251823952,10740.391251823952,10786.05,10709.240999999998,10724.634999999998
432,10772.65,10772.65,2018-07-06,10816.35,10735.05,10742.498930393642,10742.498930393642,10728.548225700157,10728.548225700157,10777.15,10706.028999999999,10715.59
433,10749.75,10749.75,2018-07-05,10786.05,10726.25,10727.42339559046,10727.42339559046,10723.905933668593,10723.905933668593,10713.3,10702.931999999999,10720.51
434,10769.9,10769.9,2018-07-04,10777.15,10677.75,10716.260093385688,10716.260093385688,10721.185505633708,10721.185505633708,10713.3,10699.348,10719.645
435,10699.9,10699.9,2018-07-03,10713.3,10630.25,10689.440140078534,10689.440140078534,10716.057664121467,10716.057664121467,10713.3,10696.237,10719.860000000002
436,10657.3,10657.3,2018-07-02,10736.15,10604.65,10684.210210117799,10684.210210117799,10717.758470871095,10717.758470871095,10674.2,10693.932999999997,10720.915000000003
437,10714.3,10714.3,2018-06-29,10723.05,10612.35,10697.665315176697,10697.665315176697,10724.122520436473,10724.122520436473,10674.2,10692.067999999997,10735.170000000002
438,10589.1,10589.1,2018-06-28,10674.2,10557.7,10689.347972765045,10689.347972765045,10725.156469956102,10725.156469956102,10674.2,10689.087999999998,10745.510000000002
439,10671.4,10671.4,2018-06-27,10785.5,10652.4,10739.471959147566,10739.471959147566,10739.478203635692,10739.478203635692,10785.5,10687.829999999998,10767.405000000002
440,10769.15,10769.15,2018-06-26,10805.25,10732.55,10773.507938721348,10773.507938721348,10746.644330334184,10746.644330334184,10805.25,10685.375999999997,10785.935000000001
441,10762.45,10762.45,2018-06-25,10831.05,10753.05,10775.686908082022,10775.686908082022,10744.275312474625,10744.275312474625,10809.6,10680.559999999996,10793.305000000004
442,10821.85,10821.85,2018-06-22,10837.0,10710.45,10782.30536212303,10782.30536212303,10742.362187471954,10742.362187471954,10781.8,10674.922999999995,10795.755000000003
443,10741.1,10741.1,2018-06-21,10809.6,10725.9,10762.533043184545,10762.533043184545,10733.995049311106,10733.995049311106,10781.8,10667.658999999996,10790.335000000003
444,10772.05,10772.05,2018-06-20,10781.8,10724.05,10773.249564776816,10773.249564776816,10733.247159764906,10733.247159764906,10781.8,10661.179999999998,10793.060000000001
445,10710.45,10710.45,2018-06-19,10789.45,10701.2,10773.849347165222,10773.849347165222,10729.162650266475,10729.162650266475,10789.45,10653.783999999996,10784.320000000002
446,10799.85,10799.85,2018-06-18,10830.2,10787.35,10805.549020747832,10805.549020747832,10731.132402926105,10731.132402926105,10830.2,10647.161999999997,10772.59
447,10817.7,10817.7,2018-06-15,10834.0,10755.4,10808.398531121746,10808.398531121746,10723.89897165517,10723.89897165517,10833.7,10637.796999999997,10755.455
448,10808.05,10808.05,2018-06-14,10833.7,10773.55,10803.747796682617,10803.747796682617,10714.025179197819,10714.025179197819,10833.7,10627.945999999998,10743.305
449,10856.7,10856.7,2018-06-13,10893.25,10842.65,10801.596695023925,10801.596695023925,10704.127829639694,10704.127829639694,10850.55,10614.352999999997,10736.115
450,10842.85,10842.85,2018-06-12,10856.55,10789.4,10774.045042535887,10774.045042535887,10688.067601180714,10688.067601180714,10779.45,10602.118999999999,10711.880000000001
451,10786.95,10786.95,2018-06-11,10850.55,10777.05,10739.642563803829,10739.642563803829,10671.774717094473,10671.774717094473,10779.45,10589.498,10690.925
452,10767.65,10767.65,2018-06-08,10779.45,10709.05,10715.988845705742,10715.988845705742,10659.651003104416,10659.651003104416,10698.35,10576.033000000001,10681.095
453,10768.35,10768.35,2018-06-07,10818.0,10722.6,10690.15826855861,10690.15826855861,10648.282687641724,10648.282687641724,10633.15,10564.363000000001,10664.845
454,10684.65,10684.65,2018-06-06,10698.35,10587.5,10651.062402837915,10651.062402837915,10635.644023182957,10635.644023182957,10633.15,10551.609000000002,10639.395
455,10593.15,10593.15,2018-06-05,10633.15,10550.9,10634.268604256873,10634.268604256873,10630.485499307477,10630.485499307477,10633.15,10537.877000000002,10613.965
456,10628.5,10628.5,2018-06-04,10770.3,10618.35,10654.82790638531,10654.82790638531,10634.41555186616,10634.41555186616,10763.8,10528.309000000001,10608.320000000002
457,10696.2,10696.2,2018-06-01,10764.75,10681.5,10667.991859577964,10667.991859577964,10635.03824153628,10635.03824153628,10648.7,10518.844000000001,10597.140000000001
458,10736.15,10736.15,2018-05-31,10763.8,10620.4,10653.887789366945,10653.887789366945,10628.600161697992,10628.600161697992,10648.7,10507.407000000001,10587.16
459,10614.35,10614.35,2018-05-30,10648.7,10558.45,10612.756684050415,10612.756684050415,10617.279126087255,10617.279126087255,10648.7,10494.569000000001,10581.815
460,10633.3,10633.3,2018-05-29,10717.25,10616.1,10611.960026075621,10611.960026075621,10617.58745514907,10617.58745514907,10628.05,10486.185000000003,10594.490000000002
461,10688.65,10688.65,2018-05-28,10709.8,10640.55,10601.290039113432,10601.290039113432,10615.933503059498,10615.933503059498,10535.15,10480.722000000002,10611.345000000001
462,10605.15,10605.15,2018-05-25,10628.05,10524.0,10557.610058670147,10557.610058670147,10608.279134960496,10608.279134960496,10533.55,10475.167000000001,10623.140000000003
463,10513.85,10513.85,2018-05-24,10535.15,10419.8,10533.84008800522,10533.84008800522,10608.608517587916,10608.608517587916,10533.55,10471.601,10643.275000000003
464,10430.35,10430.35,2018-05-23,10533.55,10417.8,10543.835132007827,10543.835132007827,10618.583098386644,10618.583098386644,10533.55,10469.752000000002,10663.545000000002
465,10536.7,10536.7,2018-05-22,10558.6,10490.55,10600.57769801174,10600.57769801174,10638.397108743133,10638.397108743133,10558.6,10465.682000000003,10694.680000000002
466,10516.7,10516.7,2018-05-21,10621.7,10505.8,10632.516547017609,10632.516547017609,10649.102067558199,10649.102067558199,10621.7,10459.801000000001,10712.790000000003
467,10596.4,10596.4,2018-05-18,10674.95,10589.1,10690.424820526412,10690.424820526412,10663.039127301166,10663.039127301166,10674.95,10452.551000000003,10732.670000000002
468,10682.7,10682.7,2018-05-17,10777.25,10664.5,10737.437230789617,10737.437230789617,10670.053772280238,10670.053772280238,10777.25,10445.608000000002,10734.855000000003
469,10741.1,10741.1,2018-05-16,10790.45,10699.7,10764.805846184425,10764.805846184425,10668.722590415,10668.722590415,10790.45,10439.131000000003,10734.550000000003
470,10801.85,10801.85,2018-05-15,10929.2,10781.4,10776.658769276635,10776.658769276635,10661.103915721842,10661.103915721842,10812.05,10433.476000000002,10732.245000000003
471,10806.6,10806.6,2018-05-14,10834.85,10774.75,10764.06315391495,10764.06315391495,10646.288538429404,10646.288538429404,10785.55,10427.296000000002,10725.995000000003
472,10806.5,10806.5,2018-05-11,10812.05,10724.45,10742.794730872425,10742.794730872425,10629.413647737761,10629.413647737761,10766.25,10422.250000000002,10714.565000000002
473,10716.55,10716.55,2018-05-10,10785.55,10705.0,10710.942096308636,10710.942096308636,10610.772979078578,10610.772979078578,10758.55,10417.772,10695.695000000003
474,10741.7,10741.7,2018-05-09,10766.25,10689.85,10708.138144462953,10708.138144462953,10599.63855582369,10599.63855582369,10725.65,10413.262,10681.095000000003
475,10717.8,10717.8,2018-05-08,10758.55,10689.4,10691.357216694429,10691.357216694429,10584.684719594607,10584.684719594607,10700.45,10406.082,10668.360000000004
476,10715.5,10715.5,2018-05-07,10725.65,10635.65,10678.135825041643,10678.135825041643,10570.67258481509,10570.67258481509,10700.45,10399.675,10655.050000000003
477,10618.25,10618.25,2018-05-04,10700.45,10601.6,10659.453737562464,10659.453737562464,10555.427593742996,10555.427593742996,10700.45,10392.573,10639.905000000002
478,10679.65,10679.65,2018-05-03,10720.6,10647.45,10680.055606343694,10680.055606343694,10548.814708873837,10548.814708873837,10720.6,10387.776000000002,10634.610000000004
479,10718.05,10718.05,2018-05-02,10784.65,10689.8,10680.25840951554,10680.25840951554,10535.04257296582,10535.04257296582,10719.8,10383.229000000001,10619.265000000003
480,10739.35,10739.35,2018-04-30,10759.0,10704.6,10661.362614273308,10661.362614273308,10515.778633278012,10515.778633278012,10628.4,10379.778,10602.330000000004
481,10692.3,10692.3,2018-04-27,10719.8,10647.55,10622.368921409961,10622.368921409961,10492.244805202014,10492.244805202014,10612.6,10375.009000000002,10581.230000000003
482,10617.8,10617.8,2018-04-26,10628.4,10559.65,10587.403382114942,10587.403382114942,10471.186363644332,10471.186363644332,10612.6,10371.958,10560.060000000003
483,10570.55,10570.55,2018-04-25,10612.6,10536.45,10572.205073172414,10572.205073172414,10455.753349291104,10455.753349291104,10612.6,,10544.145000000002
484,10614.35,10614.35,2018-04-24,10636.8,10569.0,10573.03260975862,10573.03260975862,10443.669491321747,10443.669491321747,10582.35,,10528.805000000002
485,10584.7,10584.7,2018-04-23,10638.35,10514.95,10552.373914637928,10552.373914637928,10425.703121987195,10425.703121987195,10572.2,,10507.595000000001
486,10564.05,10564.05,2018-04-20,10582.35,10527.45,10536.210871956891,10536.210871956891,10408.966608512163,10408.966608512163,10572.2,,10487.060000000001
487,10565.3,10565.3,2018-04-19,10572.2,10546.2,10522.291307935337,10522.291307935337,10392.642040987126,10392.642040987126,10560.45,,10463.815000000002
488,10526.2,10526.2,2018-04-18,10594.2,10509.7,10500.786961903004,10500.786961903004,10374.46751898577,10374.46751898577,10540.15,,10439.800000000001
489,10548.7,10548.7,2018-04-17,10560.45,10495.65,10488.080442854505,10488.080442854505,10358.495678879008,10358.495678879008,10519.9,,10400.02
490,10528.35,10528.35,2018-04-16,10540.15,10396.35,10457.770664281757,10457.770664281757,10338.474171392587,10338.474171392587,10469.9,,10369.650000000001
491,10480.6,10480.6,2018-04-13,10519.9,10451.45,10422.480996422635,10422.480996422635,10318.48724206549,10318.48724206549,10428.15,,10337.995
492,10458.65,10458.65,2018-04-12,10469.9,10395.25,10393.421494633953,10393.421494633953,10301.422741230279,10301.422741230279,10424.85,,10301.305
493,10417.15,10417.15,2018-04-11,10428.15,10355.6,10360.80724195093,10360.80724195093,10284.872503465047,10284.872503465047,10397.7,,10273.855
494,10402.25,10402.25,2018-04-10,10424.85,10381.5,10332.635862926392,10332.635862926392,10270.948556461368,10270.948556461368,10350.45,,10245.205
495,10379.35,10379.35,2018-04-09,10397.7,10328.5,10297.828794389587,10297.828794389587,10257.127351878355,10257.127351878355,10331.8,,10204.785
496,10331.6,10331.6,2018-04-06,10350.45,10290.85,10257.068191584378,10257.068191584378,10244.261809970812,10244.261809970812,10279.85,,10178.325
497,10325.15,10325.15,2018-04-05,10331.8,10227.45,10219.802287376566,10219.802287376566,10235.068316283528,10235.068316283528,10255.35,,10160.689999999999
498,10128.4,10128.4,2018-04-04,10279.85,10111.3,10167.128431064848,10167.128431064848,10225.586033787058,10225.586033787058,10220.1,,10140.61
499,10245.0,10245.0,2018-04-03,10255.35,10171.05,10186.492646597273,10186.492646597273,10235.816142606747,10235.816142606747,10158.35,,10137.195000000002
500,10211.8,10211.8,2018-04-02,10220.1,10127.75,10157.238969895909,10157.238969895909,10234.849420775878,10234.849420775878,10158.35,,10132.210000000001
501,10113.7,10113.7,2018-03-28,10158.35,10096.9,10129.958454843862,10129.958454843862,10237.275675594392,10237.275675594392,10143.5,,10147.045
502,10184.15,10184.15,2018-03-27,10207.9,10139.65,10138.087682265792,10138.087682265792,10250.283641446433,10250.283641446433,10027.7,,10176.765
503,10130.65,10130.65,2018-03-26,10143.5,9958.55,10115.056523398689,10115.056523398689,10257.245077388163,10257.245077388163,10027.7,,10201.035
504,9998.05,9998.05,2018-03-23,10027.7,9951.9,10107.259785098031,10107.259785098031,10270.570875007968,10270.570875007968,10027.7,,10230.11
505,10114.75,10114.75,2018-03-22,10207.85,10105.4,10161.864677647045,10161.864677647045,10299.257282903545,10299.257282903545,10155.65,,10252.990000000002
506,10155.25,10155.25,2018-03-21,10227.3,10132.95,10185.422016470566,10185.422016470566,10318.679102156551,10318.679102156551,10155.65,,10265.78
507,10124.35,10124.35,2018-03-20,10155.65,10049.1,10200.508024705849,10200.508024705849,10335.882165541452,10335.882165541452,10155.65,,10265.675
508,10094.25,10094.25,2018-03-19,10224.55,10075.3,10238.587037058773,10238.587037058773,10358.148709282657,10358.148709282657,10224.55,,10278.164999999999
509,10195.15,10195.15,2018-03-16,10346.3,10180.25,10310.755555588159,10310.755555588159,10385.927520786094,10385.927520786094,10346.3,,10304.625
510,10360.15,10360.15,2018-03-15,10420.0,10346.2,10368.558333382236,10368.558333382236,10406.009365079366,10406.009365079366,10420.0,,10330.945000000002
511,10410.9,10410.9,2018-03-14,10420.35,10336.3,10372.762500073353,10372.762500073353,10410.836666666668,10410.836666666668,10420.35,,10344.215000000002
512,10426.85,10426.85,2018-03-13,10478.6,10377.85,10353.69375011003,10353.69375011003,10410.830000000002,10410.830000000002,10296.7,,10358.555000000004
513,10421.4,10421.4,2018-03-12,10433.65,10295.45,10317.115625165041,10317.115625165041,,,10270.35,,10374.130000000003
514,10226.85,10226.85,2018-03-09,10296.7,10211.9,10264.973437747562,10264.973437747562,,,10243.35,,10381.095000000005
515,10242.65,10242.65,2018-03-08,10270.35,10146.4,10284.03515662134,10284.03515662134,,,10243.35,,10396.680000000004
516,10154.2,10154.2,2018-03-07,10243.35,10141.55,10304.727734932007,10304.727734932007,,,10243.35,,10412.160000000003
517,10249.25,10249.25,2018-03-06,10441.35,10215.9,10379.99160239801,10379.99160239801,,,10428.7,,10432.780000000002
518,10358.85,10358.85,2018-03-05,10428.7,10323.9,10445.362403597013,10445.362403597013,,,10428.7,,10445.695000000003
519,10458.35,10458.35,2018-03-01,10525.5,10447.15,10488.61860539552,10488.61860539552,,,10525.5,,10455.040000000003
520,10492.85,10492.85,2018-02-28,10535.5,10461.55,10503.75290809328,10503.75290809328,,,10535.5,,10463.755000000001
521,10554.3,10554.3,2018-02-27,10631.65,10537.25,10509.204362139919,10509.204362139919,,,10499.1,,10464.560000000001
522,10582.6,10582.6,2018-02-26,10592.95,10520.2,10486.656543209878,10486.656543209878,,,10397.55,,10463.105
523,10491.05,10491.05,2018-02-23,10499.1,10396.65,10438.684814814816,10438.684814814816,,,10397.55,,
524,10382.7,10382.7,2018-02-22,10397.55,10340.65,10412.502222222225,10412.502222222225,,,10397.55,,
525,10397.45,10397.45,2018-02-21,10426.1,10349.6,10427.403333333335,10427.403333333335,,,10426.1,,
526,10360.4,10360.4,2018-02-20,10429.35,10347.65,10442.380000000001,10442.380000000001,,,10429.35,,
527,10378.4,10378.4,2018-02-19,10489.35,10302.75,10483.369999999999,10483.369999999999,,,10489.35,,
528,10452.3,10452.3,2018-02-16,10612.9,10434.05,,,,,10590.55,,
529,10545.5,10545.5,2018-02-15,10618.1,10511.05,,,,,10555.5,,
530,10500.9,10500.9,2018-02-14,10590.55,10456.65,,,,,10555.5,,
531,10539.75,10539.75,2018-02-12,10555.5,10485.4,,,,,10555.5,,
